;Titre;Sortie;Origine;Categorie;Realisateur;acteur1;acteur2;Acteur3;Synopsis;Photo jaquette;Background;Photos acteur1;Photos acteur2;Photos acteur3;scene_film
1;300;2006;ETATS-UNIS;Guerre / Histoire;ZACK SNYDER;GERARD BULTER;LENA HEADEY;RODRIGO SANTORO;En 485 avant notre �re, Xerx�s succ�de � Darius Ier sur le tr�ne de l'empire perse. Rapidement, les grandes cit�s grecques comprennent qu'une nouvelle guerre s'annonce. Ath�nes, Th�bes, Corinthe et D�los se rallient � Sparte qui dispose de la meilleure arm�e. En 480, le roi spartiate L�onidas est nomm� commandant en chef de cette union militaire de la derni�re chance. Lorsque la flotte perse rallie les fantassins de Xerx�s, les troupes grecques prennent peur.;affiches/300.jpg;backgrounds/bg300.jpg;photos_acteurs/Gerard-Butler.jpg;photos_acteurs/Lena-Headey.jpg;photos_acteurs/Rodrigo-Santoro.jpg;scene_film/300.jpg
2;Aladdin;1993;USA;Anime;John Musker;Scott Weinger;Linda Larkin;Robin Williams;Le jeune et pauvre Aladdin vit avec son singe Abu dans les rues et est oblig� de voler des aliments pour se nourrir. Un jour, il fait la connaissance de la princesse Jasmine, fille du Sultan, venue se promener incognito dans les quartiers populaires, � la recherche d'aventure. Entre les deux jeunes gens, le coup de foudre est imm�diat. Mais ils sont rapidement rattrap�s par les gardes du sultan.;affiches/aladdin.jpg;backgrounds/bgaladdin.jpg;photos_acteurs/Scott-Weinger.jpg;photos_acteurs/Linda-Larkin.jpg;photos_acteurs/Robin-Williams.jpg;scene_film/aladdin.jpg
3;Alien;1979;USA;Science-Fiction;Ridley Scott;Sigourney Weaver;Tom Skeritt;Veronica Cartwright;Durant le voyage de retour d'un immense cargo spatial en mission commerciale de routine, ses passagers, cinq hommes et deux femmes plong�s en hibernation, sont tir�s de leur l�thargie dix mois plus t�t que pr�vu par Mother, l'ordinateur de bord. Ce dernier a en effet capt� dans le silence interplan�taire des signaux sonores, et suivant une certaine clause du contrat de navigation, les astronautes sont charg�s de prospecter tout indice de vie dans l'espace.;affiches/alien.jpg;backgrounds/bgalien.jpg;photos_acteurs/Sigourney_Weaver.jpg;photos_acteurs/Tom_Skerritt.jpg;photos_acteurs/Veronica_Cartwright.jpg;scene_film/alien.jpg
4;American Nightmare;2013;USA;Horreur;James DeMonaco;Ethan Hawke;Lena Headey;Adelaide Kane;Dans une Am�rique rong�e par une criminalit� d�brid�e et des prisons surpeupl�es, le gouvernement a donn� son accord pour qu'une fois par an, pendant 12 heures, toutes activit�s criminelles, meurtres inclus, soient l�galis�es. La police ne peut intervenir. Les h�pitaux suspendent leurs services. Une nuit durant, les citoyens sont � m�me de d�finir leurs propres r�gles et de faire leur propre loi, sans avoir � craindre de sanctions.;affiches/americannightmare.jpg;backgrounds/bgamericannightmare.jpg;photos_acteurs/Ethan_Hawke.jpg;photos_acteurs/Lena-Headey.jpg;photos_acteurs/Adelaide_Kane.jpg;scene_film/american_nightmare.jpg
5;Avengers;2012;ETATS-UNIS;Marvel / Dc;JOSS WHEDON;ROBERT DOWNEY JR;SCARLETT JOHANSSON;JEREMY RENNER;Quand un ennemi inattendu fait surface pour menacer la s�curit� et l'�quilibre mondial, Nick Fury, directeur de l'agence internationale pour le maintien de la paix, connue sous le nom du S.H.I.E.L.D., doit former une �quipe pour �viter une catastrophe mondiale imminente.;affiches/avengers.jpg;backgrounds/bgavengers.jpg;photos_acteurs/Robert_Downey.jpg;photos_acteurs/Scarlett_Johansson.jpg;photos_acteurs/Jeremy_Renner.jpg;scene_film/avenger.jpg
6;Baby Driver;2017;ETATS-UNIS,ROYAUME-UNI;Action;EDGAR WRIGHT;ANSEL ELGORT;KEVIN SPACEY;JAMIE FOXX;Chauffeur pour des braqueurs de banque, Baby a un truc pour �tre le meilleur dans sa partie : il roule au rythme de sa propre playlist. Lorsqu'il rencontre la fille de ses r�ves, Baby cherche � mettre fin � ses activit�s criminelles pour revenir dans le droit chemin. Il est forc� de travailler pour un grand patron du crime et le braquage tourne mal. D�sormais, sa libert�, son avenir avec la fille qu'il aime et sa vie sont en jeu.;affiches/babydriver.jpg;backgrounds/bgbabydriver.jpg;photos_acteurs/Ansel-Elgort.jpg;photos_acteurs/Kevin-Spacey.webp;photos_acteurs/Jamie-Foxx.webp;scene_film/BabyDriver.jpg
7;Bambi;1948;USA;Anime;Larry Morey;Donnie Dunagan;Peter Behn;Cammie King;La terre s��veille sous les rayons du soleil printanier. Une grande effervescence s�empare des h�tes de la for�t : un Petit Prince vient de na�tre. Tous les animaux des alentours viennent f�liciter l�heureuse m�re et admirer le jeune faon qui s��veille � la vie. Il s�appellera Bambi. Curieux de tout, il va explorer son futur royaume, y rencontrer des compagnons attendrissant (le fac�tieux Panpan, l�adorable Fleur et la malicieuse F�line) et apprendre � appr�hender le danger�;affiches/bambi.jpg;backgrounds/bgbambi.jpg;photos_acteurs/Donnie-Dunagan.jpg;photos_acteurs/Peter-Behn.webp;photos_acteurs/Cammie-King.jpg;scene_film/bambi.jpg
8;Birds of Prey;2020;ETATS-UNIS;Marvel / Dc;CATHY YAN;MARGOT ROBBIE;EWAN MCGREGOR;MARY ELIZABETH WINSTEAD;Lorsque Roman Sionis, l'ennemi le plus abominable de Gotham, et son fid�le acolyte Zsasz d�cident de s'en prendre � une certaine Cass, la ville est pass�e au peigne fin pour retrouver la trace de la jeune fille. Les parcours de Harley, de la Chasseuse, de Black Canary et de Renee Montoya se t�lescopent et ce quatuor improbable n'a d'autre choix que de faire �quipe pour �liminer Roman.;affiches/birdsofprey.jpg;backgrounds/bgbirdsofprey.jpg;photos_acteurs/Margot-Robbie.jpg;photos_acteurs/Ewan_Mcgregor.webp;photos_acteurs/Mary_Elizabeth_Winstead.jpg;scene_film/birds-of-prey.jpeg
9;Braveheart;1995;ETATS-UNIS;Guerre / Histoire;MEL GIBSON;MEL GIBSON;SOPHIE MARCEAU;CATHERINE MCCORMACK;Au XIIIe si�cle, le jeune William Wallace revient en �cosse apr�s plusieurs ann�es d'exil. Il �pouse en secret sa bien-aim�e Murron, pour �viter de se plier au droit de cuissage impos� par le roi d'Angleterre, Edward 1er. Leur ruse est cependant d�couverte et Murron est ex�cut�e.;affiches/braveheart.jpg;backgrounds/bgbraveheart.jpg;photos_acteurs/Mel-Gibson.jpg;photos_acteurs/Sophie_Marceau.jpg;photos_acteurs/Catherine_McCormack.jpg;scene_film/ca.jpg
10;Ca;2017;USA;Horreur;Andy Muschietti;Bill Skarsg�rd;Jaeden Martell;Finn Wolfhard;� Derry, dans le Maine, sept gamins ayant du mal � s'int�grer se sont regroup�s au sein du Club des Rat�s. Rejet�s par leurs camarades, ils sont les cibles favorites des gros durs de l'�cole. Ils ont aussi en commun d'avoir �prouv� leur plus grande terreur face � un terrible pr�dateur m�tamorphe qu'ils appellent �a.;affiches/ca.jpg;backgrounds/bgca.jpg;photos_acteurs/Bill_Skarsgard.jpg;photos_acteurs/Jaeden_Martell.jpg;photos_acteurs/Finn_Wolfhard.jpg;scene_film/ca,jpg
11;Captain America;2011;ETATS-UNIS;Marvel / Dc;JOE JOHNSTON;CHRIS EVANS;HAYLEY ATWELL;SEBASTIAN STAN;1941. La Seconde Guerre mondiale fait rage. Apr�s avoir tent� vainement de s'engager dans l'arm�e pour se battre aux c�t�s des Alli�s, Steve Rogers, fr�le et timide, se porte volontaire pour participer � un programme exp�rimental qui va le transformer en un super soldat connu sous le nom de Captain�America. Sous le commandement du colonel Chester Phillips, il s'appr�te � affronter l'organisation scientifique secr�te des nazis, aux c�t�s de Bucky Barnes et Peggy Carter.;affiches/captainamerica.jpg;backgrounds/bgcaptainamerica.jpg;photos_acteurs/Chris_Evans.jpg;photos_acteurs/Hailey_Atwell.jpg;photos_acteurs/Sebastian_Stan.jpg;scene_film/captain_america.jpg
12;Casino Royale;2006;ROYAUME-UNI,ETATS-UNIS,ALLEMAGNE,REPUBLIQUE-TCHEQUE;Action;MARTIN CAMPBELL;DANIEL CRAIG;EVA GREEN;MADS MIKELSEN;Pour sa premi�re mission, James Bond affronte le tout-puissant banquier priv� du terrorisme international, Le Chiffre. Pour achever de le ruiner et d�manteler le plus grand r�seau criminel qui soit, Bond doit le battre lors d'une partie de poker � haut risque au Casino Royale. La tr�s belle Vesper, attach�e au Tr�sor, l'accompagne afin de veiller � ce que l'agent 007 prenne soin de l'argent du gouvernement britannique qui lui sert de mise, mais rien ne va se passer comme pr�vu.;affiches/casinoroyale.jpg;backgrounds/bgcasinoroyale.jpg;photos_acteurs/Daniel-Craig.webp;photos_acteurs/Eva-Green.webp;photos_acteurs/Mad-Mickelson.webp;scene_film/casino_royal.jpg
13;Conjuring;2013;USA;Horreur;James Wan;Vera Farmiga;Patrick Wilson;Joey King;L'histoire horrible, mais vraie, d'Ed et Lorraine Warren, enqu�teurs paranormaux r�put�s dans le monde entier, venus en aide � une famille terroris�e par une pr�sence inqui�tante dans leur ferme isol�e. Contraints d'affronter une cr�ature d�moniaque d'une force redoutable, les Warren se retrouvent face � l'affaire la plus terrifiante de leur carri�re.;affiches/conjuring.jpg;backgrounds/bgconjuring.jpg;photos_acteurs/Vera_Farmiga.jpg;photos_acteurs/Patrick_Wilson.jpg;photos_acteurs/Joey_King.png;scene_film/conjuring.jpg
14;Daredevil;2003;ETATS-UNIS,SUISSE;Marvel / Dc;MARK STEVEN JOHNSON;BEN AFFLECK;MICHAEL CLARKE DUNCAN;CARRIE GEIBEN;Le jeune Matt Murdock vit � Hell's Kitchen, un des quartiers les plus durs de New York. Victime d'un accident de la route, Matt est expos� � des produits chimiques et se retrouve � l'h�pital. Quand il se r�veille, Matt a perdu la vue. Mais il remarque rapidement que ses autres sens se sont d�velopp�s. Il est �galement dot� d'un sens radar qui lui permet de compenser d'une certaine fa�on sa c�cit�.;affiches/daredevil.jpg;backgrounds/bgdaredevil.jpg;photos_acteurs/Ben_Affleck.jpg;photos_acteurs/MClarkeDuncan.jpg;photos_acteurs/Jennifer_Garner.jpg;scene_film/daredevil.jpg
15;Deadpool;2016;ETATS-UNIS;Marvel / Dc;TIM MILLER;RYAN REYNOLDS;MORENA BACCARIN;GINA CARANO;Wade Wilson, un ancien militaire des forces sp�ciales, est devenu mercenaire. Apr�s avoir subi une exp�rimentation hors-norme qui va acc�l�rer ses pouvoirs de gu�rison, il va devenir Deadpool. Arm� de ses nouvelles capacit�s et d'un humour noir survolt�, il va traquer l'homme qui a bien failli an�antir sa vie.;affiches/deadpool.jpg;backgrounds/bgdeadpool.jpg;photos_acteurs/Ryan_Reynolds.jpg;photos_acteurs/Morena_Baccarin.jpg;photos_acteurs/Gina_Carano.jpg;scene_film/deadpool.JPG
16;Die Hard 1;1988;ETATS-UNIS;Action;JOHN MCTIERNAN;BRUCE WILLIS;ALAN RICKMAN;BONNIE BEDELIA;Un policier new-yorkais, John McClane, est s�par� de sa femme Holly, cadre dans une puissante multinationale japonaise, la Nakatomi Corporation. Venu � Los Angeles passer les f�tes avec elle, il se rend � la tour Nakatomi o� le patron donne une grande soir�e. Tandis que John s'isole pour t�l�phoner, un groupe de terroristes allemands, dirig� par Hans Gruber, p�n�tre dans l'immeuble.;affiches/diehard.jpg;backgrounds/bgdiehard.jpg;photos_acteurs/Bruce-Willis.webp;photos_acteurs/Alan-Rickman.jpg;photos_acteurs/Bonnie-Bedelia.webp;scene_film/die-hard.jpg
17;Die Hard 3;1995;ETATS-UNIS;Action;JOHN MCTIERNAN;BRUCE WILLIS;SAMUEL L JACKSON;JEREMY IRONS;New York, 1995. Un magasin est souffl� par l'explosion d'une bombe. L'attentat est revendiqu� par un inconnu se faisant appeler Simon. Celui-ci exige que le lieutenant John McClane, alors suspendu de ses fonctions, se livre � un p�rilleux � Jacques a dit2 � � travers toute la ville. S'il n'ob�it pas aux directives de Simon, d'autres bombes exploseront. Zeus Carver, un �lectricien et antiquaire afro-am�ricain que McClane a rencontr� � Harlem, est embarqu� contre sa volont� dans cette journ�e infernale.;affiches/diehard3.jpg;backgrounds/bgdiehard3.jpg;photos_acteurs/Bruce-Willis.webp;photos_acteurs/Samuel-L-Jackson.jpg;photos_acteurs/Jeremy-Irons.jpg;scene_film/dumb_dumber.jpg
18;Dumb & Dumber;1994;USA;Comedie;Peter Farrelly;Jim Carrey;Jeff Daniels;Lauren Holly;Chauffeur d'une voiture de luxe, Lloyd conduit Mary � l'a�roport. La belle oublie sa mallette dans le v�hicule. Lloyd s'en empare au nez et � la barbe d'un sinistre couple qui tentait de se l'accaparer. Lloyd persuade son ami et colocataire Harry, sp�cialiste du toilettage pour chiens, de le suivre � travers les Etats-Unis et de l'accompagner � Aspen, dans les Rocheuses, o� se rendait Mary. Ainsi, ils pourront lui rendre l'objet tant convoit�. Le p�riple commence.;affiches/dumbdumber.jpg;backgrounds/bgdumbdumber.jpg;photos_acteurs/Jim-Carrey.jpg;photos_acteurs/Jeff-Daniels.jpg;photos_acteurs/Lauren-Holly.jpg;scene_film/expendable.jpg
19;Expendables;2010;ETATS-UNIS;Action;SYLVESTER STALLONE;SYLVESTER STALLONE;JASON STATHAM;JET LI;Ce ne sont ni des mercenaires, ni des agents secrets. Ils choisissent eux-m�mes leurs missions et n'ob�issent � aucun gouvernement. Ils ne le font ni pour l'argent, ni pour la gloire, mais parce qu'ils aident les cas d�sesp�r�s. Depuis dix ans, Izzy Hands, de la CIA, est sur les traces du chef de ces hommes, Barney Ross. Parce qu'ils ne sont aux ordres de personne, il devient urgent de les emp�cher d'agir.;affiches/expendables.jpg;backgrounds/bgexpendables.jpg;photos_acteurs/Sylvester-Stallone.jpg;photos_acteurs/Jason-Statham.jpg;photos_acteurs/Jet-Li.jpg;scene_film/forest_gump.jpg
20;Forest Gump;1994;USA;Dramatique;Robert Zemeckis;Tom Hanks;Robin Wright;Gary Sinise;Sur un banc, � Savannah, en G�orgie, Forrest Gump attend le bus. Comme celui-ci tarde � venir, le jeune homme raconte sa vie � ses compagnons d'ennui. A priori, ses capacit�s intellectuelles plut�t limit�es ne le destinaient pas � de grandes choses. Qu'importe.;affiches/forrestgump.jpg;backgrounds/bgforrestgump.jpg;photos_acteurs/Tom-Hanks.jpg;photos_acteurs/Robin-Wright.jpg;photos_acteurs/Gary-Sinise.webp;scene_film/full_metal.jpg
21;Full Metal Jacket;1987;ETATS-UNIS,ROYAUME-UNI;Guerre / Histoire;STANLEY KUBRICK;STANLEY KUBRICK;R,LEE ERMEY;VINCENT D’ONOFRIO;"1968. Dans la base am�ricaine de Paris Island, de jeunes engag�s attendent de partir pour le Vietnam. Ils subissent l'entra�nement des Marines sous la f�rule du sergent Hartman, un instructeur sadique qui prend pour t�te de Turc le soldat ""Baleine.""";affiches/fullmetaljacket.jpg;backgrounds/bgfullmetaljacket.jpg;photos_acteurs/Stanley_Kubrick.jpg;photos_acteurs/R,Lee_Ermey.jpg;photos_acteurs/Vincent-donofrio.jpg;scene_film/get-out.jpg
22;Get Out;2017;USA;Horreur;Jordan Peele;Daniel Kaluuya;Allison Williams;lil Rel Howery;Maintenant que Chris et sa copine Rose vont rencontrer leurs parents respectifs, elle l'invite dans la r�sidence secondaire de sa famille pour un week-end. D'abord Chris comprend que le comportement un peu �trange de la famille de Rose est li� au fait qu'il est noir et qu'elle est blanche. Cependant, il d�couvre que la v�rit� est bien plus d�rangeante.;affiches/getout.jpg;backgrounds/bggetout.jpg;photos_acteurs/Daniel_Kaluuya.jpg;photos_acteurs/Allison_Williams.jpg;photos_acteurs/Lil_Rel_Howery.jpg;scene_film/gladiator.jpg
23;Gladiator;2000;ETATS-UNIS,ROYAUME-UNI;Guerre / Histoire;RIDLEY SCOTT;RUSSELL CROWE;JOAQUIN PHOENIX;CONNIE NIELSEN;Le g�n�ral romain Maximus est le plus fid�le soutien de l'empereur Marc Aur�le, qu'il a conduit de victoire en victoire. Jaloux du prestige de Maximus, et plus encore de l'amour que lui voue l'empereur, le fils de Marc Aur�le, Commode, s'arroge brutalement le pouvoir, puis ordonne l'arrestation du g�n�ral et son ex�cution. Maximus �chappe � ses assassins, mais ne peut emp�cher le massacre de sa famille. Captur� par un marchand d'esclaves, il devient gladiateur et pr�pare sa vengeance.;affiches/gladiator.jpg;backgrounds/bggladiator.jpg;photos_acteurs/Russell_Crowe.jpg;photos_acteurs/Joaquin_Phoenix.jpg;photos_acteurs/Connie_Nielsen.jpg;scene_film/idiocraty.jpg
24;Idiocracy;2006;USA;Science-Fiction;Mike Judge;Luke Wilson;Maya Rudolph;Dax Shepard;Joe Bauers, l'arch�type de l'Am�ricain moyen, est une recrue choisie par le Pentagone, sur ses crit�res d'humain moyen en tout, comme cobaye pour un programme top secret d'hibernation. Malencontreusement oubli�, il n'est r�veill� que cinq si�cles plus tard et d�couvre une soci�t� devenue tellement stupide qu'il est d�sormais l'homme le plus intelligent de la plan�te.;affiches/idiocracy.jpg;backgrounds/bgidiocracy.jpg;photos_acteurs/Luke_Wilson.jpg;photos_acteurs/Maya_Rudolph.jpg;photos_acteurs/Dax_Shepard.jpg;scene_film/into-the-wild.jpg
25;Il Faut Sauver Le Soldat Ryan;1998;ETATS-UNIS;Guerre / Histoire;STEVEN SPIELBERG;TOM HANKS;MATT DAMON;VIN DIESEL;Tandis que les forces alli�es d�barquent � Omaha Beach, Miller doit conduire son escouade derri�re les lignes ennemies pour une mission particuli�rement dangereuse: trouver et ramener sain et sauf le simple soldat James Ryan, dont les trois fr�res sont morts au combat en l'espace de trois jours.;affiches/soldatryan.jpg;backgrounds/bgsoldatryan.jpg;photos_acteurs/Tom-Hanks.jpg;photos_acteurs/Matt_Damon.jpg;photos_acteurs/Vin_Diesel.jpg;scene_film/ironman.jpg
26;Ind�pendance Day;1996;USA;Science-Fiction;Roland Emmerich;Will Smith;Bill Pullman;Jeff Goldblum;Une immense soucoupe volante envahit le ciel terrestre, lib�rant un nombre infini de plus petites soucoupes qui prennent position au-dessus des plus grandes villes du monde. Un informaticien new-yorkais d�crypte les signaux �manant des �tranges voyageurs. Ils ne sont pas du tout amicaux et ces extraterrestres se pr�parent � attaquer la Terre.;affiches/independenceday.jpg;backgrounds/bgindependanceday.jpg;photos_acteurs/Will_Smith.jpg;photos_acteurs/Bill_Pullman.jpg;photos_acteurs/Jeff_Goldblum.jpg;scene_film/jhon-wick.jpg
27;Interstellar;2014;Royaume-Uni;Science-Fiction;Christopher Nolan;Matthew McConaughey;Anne Hathaway;Jessica Chastain;Alors que la Terre se meurt, une �quipe d'astronautes franchit un trou de ver apparu pr�s de Saturne et conduisant � une autre galaxie, afin d'explorer un nouveau syst�me stellaire dans l'espoir de trouver une plan�te habitable et d'y �tablir une colonie spatiale pour sauver l'humanit�.;affiches/interstellar.jpg;backgrounds/bginterstellar.jpg;photos_acteurs/Matthew_McConaughey.jpg;photos_acteurs/Anne_Hathaway.jpg;photos_acteurs/Jessica_Chastain.jpg;scene_film/joker.jpg
28;Into The Wild;2007;USA;Dramatique;Sean Penn;Emile Hirsch;Kristen Stewart;Vince Vaughn;Tout juste dipl�m�, Christopher McCandless, 22 ans, est promis � un brillant avenir. Pourtant, tournant le dos � l'existence confortable et sans surprise qui l'attend, le jeune homme d�cide de prendre la route en laissant tout derri�re lui. Des champs de bl� du Dakota aux flots tumultueux du Colorado, en passant par les communaut�s hippies de Californie, Christopher va rencontrer des personnages hauts en couleur. Chacun, � sa mani�re, va fa�onner sa vision de la vie et des autres.;affiches/intothewild.jpg;backgrounds/bgintothewild.jpg;photos_acteurs/Emile-Hirsch.jpg;photos_acteurs/Kristen-Stewart.jpg;photos_acteurs/Vince-Vaughn.jpg;scene_film/l-arme-fatale.jpeg
29;Iron Man;2008;ETATS-UNIS,CANADA;Marvel / Dc;JON FAVREAU;ROBERT DOWNEY JR;JON FAVREAU;GWYNETH PALTROW;Alors qu'il fait l'essai d'une arme de son invention en Afghanistan, le milliardaire Tony Stark est captur� par des insurg�s qui le forcent � travailler pour eux. Mais � leur insu, le scientifique cr�e pour lui-m�me une armure superpuissante au moyen de laquelle il s'�vade et rentre aux �tats-Unis.;affiches/ironman.jpg;backgrounds/bgironman.jpg;photos_acteurs/Robert_Downey.jpg;photos_acteurs/Jon_Favreau.jpeg;photos_acteurs/Gwyneth_Paltrow.jpg;scene_film/citedelapeur.jpg
30;John Wick;2014;ETATS-UNIS;Action;CHAD STAHELSKI;KEANU REEVES;IAN MCSHANE;LAURENCE FISHBURNE;Ce qui aurait pu �tre le banal vol d'une voiture de collection se transforme en une chasse � l'homme sans merci entre un l�gendaire ex-tueur � gages et le fils d'un des plus grands pontes de la mafia.;affiches/johnwick.jpg;backgrounds/bgjohnwick.jpg;photos_acteurs/Keanu-Reeves.jpg;photos_acteurs/Ian-Mcshane.jpg;photos_acteurs/Laurence-Fishburne.jpg;scene_film/grandevadrouille.jpg
31;Joker;2019;ETATS-UNIS;Marvel / Dc;TODD PHILLIPS;JOAQUIN PHOENIX;ROBERT DE NIRO;ZAZIE BEETZ;Arthur Fleck, com�dien rat�, rencontre des voyous violents en errant dans les rues de Gotham City d�guis� en clown. M�pris� par la soci�t�, Fleck s'enfonce peu � peu dans la d�mence et devient le g�nie criminel connu sous le nom de Joker, un dangereux tueur psychotique.;affiches/joker.jpg;backgrounds/bgjoker.jpg;photos_acteurs/Joaquin_Phoenix.jpg;photos_acteurs/Robert-De-Niro.jpg;photos_acteurs/Zazie_Beetz.jpg;scene_film/lalistedeschindler.jpg
32;L�Arme Fatale;1987;ETATS-UNIS;Action;RICHARD DONNER;MEL GIBSON;DANNY GLOVER;TRACI WOLFE;Robert Murtaugh, policier noir quinquag�naire, mari� et p�re de famille, compte bien atteindre paisiblement la retraite. Mais voici qu'on lui confie comme co�quipier Riggs, un jeune flic suicidaire qui vient de perdre sa femme et manie son arme comme un cow-boy. L'un et l'autre, anciens du Vietnam, vont s'opposer � un gang de trafiquants de drogue dirig� par une organisation fasciste�;affiches/larmefatale.jpg;backgrounds/bglarmefatale.jpg;photos_acteurs/Mel-Gibson.jpg;photos_acteurs/Danny-Glover.jpg;photos_acteurs/Traci-Wolfe.webp;scene_film/planete-singes.jpg
33;La Cites de la peur;1994;France;Comedie;Alain Berberian;Alain Chabat;Chantal Lauby;Dominique Farrugia;Odile Deray, attach�e de presse, vient au Festival de Cannes pour pr�senter le film `Red is Dead'. Malheureusement, celui-ci est d'une telle faiblesse que personne ne souhaite en faire l'�cho. Cependant, lorsque les projectionnistes du long-m�trage en question meurent chacun leur tour dans d'�tranges circonstances, `Red is dead' b�n�ficie d'une incroyable publicit�. Serge Karamazov est alors charg� de prot�ger le nouveau projectionniste du film.;affiches/lacitedelapeur.jpg;backgrounds/bglacitedelapeur.jpg;photos_acteurs/Alain-Chabat.webp;photos_acteurs/Chantal-Lauby.jpg;photos_acteurs/Dominique-Farrugia.jpg;scene_film/dictateur.jpg
34;La Grande Vadrouille;1966;France;Comedie;Gerard Oury;Louis De Funes;Bourvil;Andr�a Parisy;Au retour d'un bombardement sur la Ruhr, un avion anglais de la R.A.F. se trouve pris dans le feu de la Flak allemande qui le descend au-dessus de Paris. Sir Reginald, avant de sauter en parachute sur la ville occup�e, fixe � ses hommes un point de ralliement: le Hammam.;affiches/lagrandevadrouille.jpg;backgrounds/bglagrandevadrouille.jpg;photos_acteurs/Louis-De-Funes.jpg;photos_acteurs/bourvil.jpg;photos_acteurs/Andrea-Parisy.jpg;scene_film/le-diner-de-cons.jpeg
35;La Liste De Schindler;1993;ETATS-UNIS;Guerre / Histoire;STEVEN SPIELBERG;LIAM NEESON;RALPH FIENNES;BEN KINGSLEY;L'homme d'affaires Oskar Schindler arrive � Cracovie en 1939, pr�t � profiter de la Seconde Guerre mondiale, qui vient de commencer. Apr�s avoir rejoint le parti nazi pour des raisons politiques, il emploie des ouvriers juifs dans son usine.;affiches/lalistedeschindler.jpg;backgrounds/bglisteschindler.jpg;photos_acteurs/Liam-Neeson.jpg;photos_acteurs/Ralph-Fiennes.jpg;photos_acteurs/Ben_Kingsley.jpg;scene_film/GrandBleu.jpg
36;La Nuit Des Morts Vivants;1968;USA;Horreur;George A. Romero;Duane Jones;Judith O�Dea;Karl Hardman;Chaque ann�e, Barbara et Johnny vont fleurir la tombe de leur p�re. La nuit tombe quand soudain, un homme �trange appara�t. Il s'approche de Barbara puis attaque Johnny, qui tombe et est laiss� pour mort. Terroris�e, Barbara s'enfuit et se r�fugie dans une maison de campagne.;affiches/lanuitdesmortsvivants.jpg;backgrounds/bglanuitdesmortsvivants.jpg;photos_acteurs/Duane-Jones.jpg;photos_acteurs/Judith-ODea.jpg;photos_acteurs/Karl-Hardman.jpg;scene_film/livredelajunle.jpg
37;La Plan�te des Singes�: Les origines;2011;USA;Science-Fiction;Rupert Wyatt;James Franco;Freida Pinto;John Lithgow;Dans un laboratoire, des scientifiques exp�rimentent un traitement sur des singes pour vaincre la maladie d�Alzheimer. Mais leurs essais ont des effets secondaires inattendus : ils d�couvrent que la substance utilis�e permet d�augmenter radicalement l�activit� c�r�brale de leurs sujets. C�sar, est alors le premier jeune chimpanz� faisant preuve d�une intelligence remarquable. Mais trahi par les humains qui l�entourent et en qui il avait confiance, il va mener le soul�vement de toute son esp�ce contre l�Homme dans un combat spectaculaire.;affiches/laplanetedessinges.jpg;backgrounds/bglaplanetedessinges.jpg;photos_acteurs/James_Franco.jpg;photos_acteurs/Freida_Pinto.jpg;photos_acteurs/John_Lithgow.jpg;scene_film/Loup-Wall-Street.jpg
38;Last Action Hero;1993;ETATS-UNIS;Action;JOHN MCTIERNAN;ARNOLD SCHWARZENEGGER;AUSTIN O�BRIEN;CHARLES DANCE;Danny Madigan, un jeune gar�on, s�che l'�cole pour aller au cin�ma. Il est un grand fan de la s�rie des Jack Slater qui met en sc�ne un h�ros de films d'action qui rappelle l'inspecteur Harry. Le projectionniste du cin�ma est un ami de Danny et il lui propose de venir voir Jack Slater IV en avant-premi�re. � cette occasion, il lui remet un billet magique qui lui a �t� donn� jadis par le grand magicien Harry Houdini. Gr�ce � ce ticket, Danny entre dans le film.;affiches/lastactionhero.jpg;backgrounds/bglastactionhero.jpg;photos_acteurs/Arnold-Schwarzenegger.jpg;photos_acteurs/Austin-O-Brien.jpg;photos_acteurs/Charles-Dance.jpg;scene_film/leparrain.jpg
39;Le Roi Lion;1994;Etats-Unis;Anime;Rob Minkoff;Jeremy Irons;James Earl Jones;Matthew Broderick;Un lionceau nomm� Simba est exil� de son royaume apr�s avoir �t� accus� d'�tre responsable de la mort de son p�re, Mufasa. Avec l'aide d'un �trange duo compos� d'un suricate et d'un phacoch�re, il d�cide de reprendre ce qui lui revient de droit lorsqu'il apprend qu'il est destin� � �tre roi.;affiches/leroilion.jpg;backgrounds/bgleroilion.jpg;photos_acteurs/Jeremy-Irons.jpg;photos_acteurs/James-Earl-Jones.jpg;photos_acteurs/Matthew-Broderick.jpg;scene_film/pearl-harbor.png
40;Le Dictateur;1940;ETATS-UNIS;Guerre / Histoire;CHARLIE CHAPLIN;CHARLIE CHAPLIN;PAULETTE GODDARD;JACK OAKIE;En 1918, un humble soldat de Tomania devient amn�sique apr�s avoir sauv� la vie de Schultz, un aviateur. Enferm� dans un h�pital psychiatrique, il s'enfuit et regagne sa boutique de barbier, dans le ghetto juif. Il ignore tout des �v�nements politiques et s'en prend � des gardes de Hynkel, le dictateur au pouvoir. Hannah, une voisine, le tire d'affaire. Devenu un personnage puissant, Schultz le prot�ge de l'antis�mitisme.;affiches/ledictateur.jpg;backgrounds/bgledictateur.jpg;photos_acteurs/Charlie_Chaplin.jpg;photos_acteurs/Paulette-Goddard.jpg;photos_acteurs/Jack_Oakie.JPG;scene_film/LeVoyageDeChihiro.jpg
41;Le Diner de Con;1998;France;Comedie;Francis Veber;Thierry Lhermitte;Jacques Villeret;Francis Huster;Pierre, �diteur, participe chaque mercredi � un `d�ner de cons'. Le principe : chacun am�ne un `con' et celui qui a d�nich� le plus spectaculaire est d�clar� vainqueur. Ce soir, son invit� est Fran�ois Pignon. Passionn� de mod�les r�duits en allumettes, ce dernier est �galement un v�ritable porteur de guigne.;affiches/ledinerdecon.jpg;backgrounds/bgledinerdecons.jpg;photos_acteurs/Thierry-Lhermitte.jpg;photos_acteurs/Jacques-Villeret.jpg;photos_acteurs/Francis-Huster.jpg;scene_film/aristochats.jpg
42;Le Fabuleux Destin d�Amelie Poulain;2001;France;Dramatique;Jean -Pierre Jeunet;Audrey Tautou;Mathieu Kassovitz;Andr� Dussolier;Am�lie, une jeune serveuse dans un bar de Montmartre, passe son temps � observer les gens et � laisser son imagination divaguer. Elle s'est fix� un but : faire le bien de ceux qui l'entourent. Elle invente alors des stratag�mes pour intervenir incognito dans leur existence. Le chemin d'Am�lie est jalonn� de rencontres : Georgette, la buraliste hypocondriaque , Lucien, le commis d'�picerie , Madeleine Wallace, la concierge port�e sur le porto et les chiens empaill�s , Raymond Dufayel, son voisin.;affiches/ameliepoulain.jpg;backgrounds/bgameliepoulain.jpg;photos_acteurs/Audrey-Tautou.jpg;photos_acteurs/Mathieu-Kassovitz.jpg;photos_acteurs/Andre-Dussollier.jpg;scene_film/12asterix.jpg
43;Le Grand Bleu;1988;France;Dramatique;Luc Besson;Rosanna Arquette;Jean-Marc Barr;Jean Reno;Depuis l'enfance, une rivalit� oppose deux fans de plong�e, le Fran�ais Jacques Mayol et l'Italien Enzo Molinari. � l'�ge adulte, ils continuent � s'affronter, descendant toujours plus profond, en apn�e. Un jour, Jacques rencontre Johanna, qui travaille avec un professeur venu �tudier les r�actions d'un corps immerg� sous la glace, et c'est le coup de foudre.;affiches/legrandbleu.jpg;backgrounds/bglegrandbleu.jpg;photos_acteurs/Rosanna-Arquette.jpg;photos_acteurs/Jean-Marc-Barr.jpg;photos_acteurs/Jean-Reno.webp;scene_film/oiseaux.jpg
44;Le Livre de la Jungle;1967;USA;Anime;Wolfgang Reitherman;Bruce Reitherman;Phil Harris;Sebastian Cabot;La panth�re Bagheera d�couvre dans la jungle un jeune enfant abandonn�. Elle d�cide de le confier � une famille de loups qui l'�l�ve comme un louveteau. Alors que Mowgli a dix ans, le tigre Shere Kahn approche du territoire des loups. Pour �viter � l'enfant une fin in�vitable, les loups l'�loignent et d�cident de le confier aux hommes d'un village proche. C'est Bagheera qui le conduit. Pendant leur voyage, ils feront de nombreuses rencontres, parfois redoutables.;affiches/lelivredelajungle.jpg;backgrounds/bglelivredelajungle.jpg;photos_acteurs/Bruce-Reitherman.webp;photos_acteurs/Phil-Harris.jpg;photos_acteurs/Sebastian-Cabot.jpg;scene_film/visiteur.jpg
45;Le Loup De Wall Street;2013;USA;Comedie;Martin Scorcese;Leonardo Di Caprio;Jonah hill;Margot Robbie;Sa licence de courtier en poche, et les narines d�j� pleines de coca�ne, Jordan Belfort est pr�t � conqu�rir Wall Street. Ce jour d'octobre, un krach, le plus important depuis 1929, vient pi�tiner ses r�ves de grandeur. C'est finalement � Long Island qu'il �choue et qu'il monte sa propre affaire de courtage. Son cr�neau : le hors-cote. Sa m�thode : l'arnaque. Son �quipe : des vendeurs ou des petits trafiquants.;affiches/leloupdewallstreet.jpg;backgrounds/bgleloupdewallstreet.jpg;photos_acteurs/Leonardo-Di-Caprio.jpg;photos_acteurs/Jonah-Hill.jpg;photos_acteurs/Margot-Robbie.jpg;scene_film/matrix.jpg
46;Le Parrain;1972;USA;Dramatique;Francis Ford Coppola;Al Pacino;Marlon Brando;Robert De Niro;En 1945, � New York, les Corleone sont une des 5 familles de la mafia. Don Vito Corleone, `parrain' de cette famille, marie sa fille � un bookmaker. Sollozzo, `parrain' de la famille Tattaglia, propose � Don Vito une association dans le trafic de drogue, mais celui-ci refuse. Sonny, un de ses fils, y est quant � lui favorable. Afin de traiter avec Sonny, Sollozzo tente de faire tuer Don Vito, mais celui-ci en r�chappe.;affiches/leparrain.jpg;backgrounds/bgleparrain.jpg;photos_acteurs/Al-Pacino.jpg;photos_acteurs/Marlon-Brando.jpg;photos_acteurs/Robert-De-Niro.jpg;scene_film/naruto.jpg
47;Le P�re No�l est une ordure;1982;France;Comedie;Jean Marie Poir�;Christian Clavier;Thierry Lhermite;Marie-Anne Chazel;Le soir de No�l, dans un petit appartement qui leur sert de local, Pierre et Th�r�se s'appr�tent � assurer la permanence de SOS-d�tresse-amiti�. Ils re�oivent la visite de Josette, une jeune clocharde qui vient de quitter son ami F�lix.;affiches/leperenoel.jpg;backgrounds/bgleperenoelordure.jpg;photos_acteurs/Christian-Clavier.webp;photos_acteurs/Thierry-Lhermitte.jpg;photos_acteurs/Marie-Anne-Chazel.webp;scene_film/paranormal.jpg
49;Le Voyage de Chihiro;2001;Japon;Anime;Hayao Miyazaki;Rumi Hiiragi;Miyu Irino;Mari Natsuki;Chihiro, une fillette de 10 ans, est en route vers sa nouvelle demeure en compagnie de ses parents. Au cours du voyage, la famille fait une halte dans un parc � th�me qui leur para�t d�labr�. Lors de la visite, les parents s�arr�tent dans un des b�timents pour d�guster quelques mets tr�s app�tissants, apparus comme par enchantement. H�las cette nourriture les transforme en porcs. Prise de panique, Chihiro s�enfuit et se retrouve seule dans cet univers fantasmagorique , elle rencontre alors l��nigmatique Haku, son seul alli� dans cette terrible �preuve...;affiches/levoyagedechihiro.jpg;backgrounds/bgchihiro.jpg;photos_acteurs/Rumi-Hiiragi.webp;photos_acteurs/Miyu-Irino.jpg;photos_acteurs/Mari-Natsuki.jpg;scene_film/Rec.jpg
50;Les Aristochats;1971;USA;Anime;Wolfgang Reitherman;Phil Harris;Eva Gabor;Hermione Baddeley;Comment Aladdin, gr�ce � la f�lonie du grand vizir, va se procurer la lampe magique qui h�berge le fameux g�nie et nous entra�ner dans la plus �tonnante des aventures.;affiches/lesaristochats.jpg;backgrounds/bglesaristochats.jpg;photos_acteurs/Phil-Harris.jpg;photos_acteurs/Eva-Gabor.jpg;photos_acteurs/Hermione-Baddeley.webp;scene_film/scream.jpeg
51;Les Douze travaux d'Ast�rix;1976;France;Anime;Ren� Goscinny;Roger Carel;Jacques Morel;Pierre Tornade;L'Empereur C�sar ne supporte plus que le petit village gaulois r�siste encore et toujours. Il propose alors un d�fi � Ast�rix, Ob�lix et tous leurs amis : s'ils remportent les douze �preuves qu'il leur soumet, il ne les attaquera plus.;affiches/Asterix.jpg;backgrounds/bgAsterix.jpg;photos_acteurs/Roger-Carrel.jpg;photos_acteurs/Jacques-Morel.webp;photos_acteurs/Pierre-Tornade.webp;scene_film/sinister.jpg
52;Les Oiseaux;1963;USA;Horreur;Alfred Hitchcock;Tippi Hedren;Rod Taylor;Jessica Tandy;Melanie, jeune femme quelque peu superficielle, rencontre chez un marchand d'oiseaux un brillant et s�duisant avocat qui recherche des ins�parables. Par jeu, Melanie ach�te les oiseaux et les apporte � Bodega Bay. D�s son arriv�e, elle est bless�e au front par une mouette.;affiches/lesoiseaux.jpg;backgrounds/bglesoiseaux.jpg;photos_acteurs/Tippi_Hedren.jpg;photos_acteurs/Rod_Taylor.jpg;photos_acteurs/Jessica_Tandy.jpg;scene_film/tais-toi.jpg
53;Les Visiteurs;1993;France;Comedie;Jean Marie Poir�;Jean Reno;Christian Clavier;Val�rie Lemercier;En l'an de gr�ce 1112, le comte de Montmirail et son fid�le �cuyer, Jacquouille la Fripouille, vont se retrouver propuls�s en l'an 1993 apr�s avoir bu une potion magique fabriqu�e par l'enchanteur Eusaebius. Ainsi, ils auront l'occasion de se d�faire d'un terrible sort.;affiches/lesvisiteurs.jpg;backgrounds/bglesvisiteurs.jpg;photos_acteurs/Jean-Reno.webp;photos_acteurs/Christian-Clavier.webp;photos_acteurs/Valerie-Lemercier.jpg;scene_film/terminator.png
54;Matrix;1999;USA;Science-Fiction;Les Wachowski;Keanu Reeves;Laurence Fishburne;Carrie-Anne Moss;"Thomas A. Anderson18, un jeune informaticien connu dans le monde du hacking sous le pseudonyme de Neo19, est contact� via son ordinateur par ce qu�il pense �tre un groupe de hackers. Ils lui font d�couvrir que le monde dans lequel il vit n�est qu�un monde virtuel appel� la Matrice, � l'int�rieur duquel les �tres humains sont gard�s inconsciemment sous contr�le.
Morpheus, le capitaine du Nebuchadnezzar, contacte Neo et pense que celui-ci est l��lu qui peut lib�rer les �tres humains du joug des machines et prendre le contr�le de la Matrice (selon ses croyances et ses convictions).
Une fois lib�r� de la Matrice, Neo, pr�par� au combat, est emmen� par Morpheus dans la Matrice pour rencontrer l'Oracle, celle qui guide les hommes dans la Matrice en faisant des pr�dictions qui se r�alisent. Cette derni�re annonce � Neo que, soit lui, soit Morpheus, mourra rapidement dans les prochaines heures. En effet, un membre de l'�quipe de Morpheus, Cypher, le trahit en le livrant aux Agents (les gardiens de la Matrice). Neo prend la d�cision d'aller les affronter pour sauver Morpheus mais au m�pris de sa vie apr�s une longue course-poursuite. Pourtant, un bug ram�ne Neo � la vie, il devient ainsi l'�lu tant attendu tout en neutralisant l'agent Smith ainsi que l'attaque des machines sur le Nebuchadnezzar. Depuis, il d�joue les syst�mes et les bases dans la Matrice.";affiches/matrix.jpg;backgrounds/bgmatrix.jpg;photos_acteurs/Keanu-Reeves.jpg;photos_acteurs/Laurence-Fishburne.jpg;photos_acteurs/Carrie-Anne_Moss.jpg;scene_film/artist.jpg
55;Mission Cleopatre;2002;France;Comedie;Alain Chabat;Jamel Debbouze;Christian Clavier;Gerard Depardieu;Pour impressionner Jules C�sar, Cl�op�tre parie avec lui qu'elle parviendra � faire construire, en trois mois seulement, le plus beau palais qu'il ait jamais visit�. Elle confie cette importante t�che � l'architecte Num�robis, qui se d�sesp�re: s'il �choue, il sera jet� aux crocodiles.;affiches/missioncleopatre.jpg;backgrounds/bgmissioncleopatre.jpg;photos_acteurs/Jamel-Debbouze.webp;photos_acteurs/Christian-Clavier.webp;photos_acteurs/Gerard-Depardieu.webp;scene_film/bat_man.png
56;Naruto Shippuden, le film : La Flamme de la volont�;2014;Japon;Anime;Masahiko Murata;Junko Takeuchi;Nakamura Chie;Satoshi Hino;Quand quatre des cinq grands villages ninja sont r�duits cendre, le chef du village restant doit � tout prix trouver le coupable et prot�ger ses terres.;affiches/naruto.jpg;backgrounds/bgnaruto.jpg;photos_acteurs/Junko-Takeuchi.jpg;photos_acteurs/Chie-Nakamura.jpg;photos_acteurs/Satoshi-Hino.jpg;scene_film/the_mask.jpg
57;Paranormal Activity;2007;USA;Horreur;Oren Peli;Kate Featherston;Micah Sloat;Ashley Palmer;Un jeune couple s'installe dans une maison en banlieue. Le bonheur fait place � la terreur lorsqu'ils doivent repousser, toutes les nuits, les attaques d'un esprit d�moniaque�;affiches/paranormalactivity.jpg;backgrounds/bgparanormalactivity.jpg;photos_acteurs/Katie_Featherston.jpg;photos_acteurs/Micah_Sloat.jpg;photos_acteurs/Ashley_Palmer.jpg;scene_film/northman.jpg
58;Pearl Harbor;2001;ETATS-UNIS;Guerre / Histoire;MICHAEL BAY;BEN AFFLECK;KATE BECKINSALE;JENNIFER GANNER;Amis depuis la plus tendre enfance, Rafe McCawley et Danny Walker sont deux brillants pilotes de l'arm�e de l'air am�ricaine. La Seconde Guerre mondiale a commenc�, mais les �tats-Unis n'ont pas encore engag� les hostilit�s. Rafe succombe bient�t au charme d'Evelyn Johnson, une jeune infirmi�re. C'est le coup de foudre, mais ce dernier part combattre aux c�t�s des Britanniques. Evelyn et Danny sont, quant � eux, transf�r�s sur la base am�ricaine de Pearl Harbor.;affiches/pearlharbor.jpg;backgrounds/bgpearlharbor.jpg;photos_acteurs/Ben_Affleck.jpg;photos_acteurs/Kate-Beckinsale.jpg;photos_acteurs/Jennifer_Garner.jpg;scene_film/Truman-Show.jpg
59;Pretty Woman;1990;USA;Dramatique;Garry Marshall;Julia Roberts;Richard Gere;laura San Giamoco;Edward Lewis, un homme d'affaires d�sabus� qui porte avec une supr�me �l�gance ses cheveux gris et ses yeux tristes, s'occupe du rachat d'entreprises en faillite et de leur revente. De passage � Los Angeles, il quitte une soir�e mondaine o� il s'ennuie � mourir et se perd dans un quartier chaud en se rendant � son h�tel. Il fait alors la connaissance de Vivian, une jeune et ravissante prostitu�e qui op�re sur Hollywood Boulevard.;affiches/prettywoman.jpg;backgrounds/bgprettywoman.jpg;photos_acteurs/Julia-Roberts.jpg;photos_acteurs/Richard-Gere.jpg;photos_acteurs/Laura-San-Giacomo.jpg;scene_film/titanic.jpeg
60;Rec;2007;Espagne;Horreur;Paco Plaza, Jaume Balaguero;Manuela Velasco;Pablo Rosso;Jorge Serrano;Une jeune journaliste et un coll�gue suivent des pompiers pour une intervention dans un appartement. Prise � son propre pi�ge, la journaliste est enferm�e avec le scoop qu'elle d�sirait ardemment. Elle embarque le spectateur dans un huis clos terrifiant quand un nouveau virus transforme les infect�s en dangereux zombies.;affiches/rec.jpg;backgrounds/bgrec.jpg;photos_acteurs/Manuela_Velasco.jpg;photos_acteurs/Pablo_Rosso.jpg;photos_acteurs/Jorge_Serrano.jpg;scene_film/topgun.jpg
61;Retour vers le Futur;1985;USA;Science-Fiction;Robert Zemeckis;Michael J. Fox;Christopher Lloyd;Lea Thompson;1985. Le jeune Marty McFly m�ne une existence anonyme aupr�s de sa petite amie Jennifer, seulement troubl�e par sa famille en crise et un proviseur qui serait ravi de l'expulser du lyc�e. Ami de l'excentrique professeur Emmett Brown, il l'accompagne un soir tester sa nouvelle exp�rience : le voyage dans le temps via une DeLorean modifi�e. La d�monstration tourne mal : des trafiquants d'armes d�barquent et assassinent le scientifique. Marty se r�fugie dans la voiture et se retrouve transport� en 1955. L�, il emp�che malgr� lui la rencontre de ses parents, et doit tout faire pour les remettre ensemble, sous peine de ne pouvoir exister...;affiches/retourverslefutur.jpg;backgrounds/bgretourverslefutur.jpg;photos_acteurs/Michael_J_Fox.jpg;photos_acteurs/ChristopherLloyd.jpg;photos_acteurs/Lea_Thompson.jpg;scene_film/troie.jpeg
62;Scream;1996;USA;Horreur;Wes Craven;Neve Campbell;Courteney Cox;David Arquette;Casey Becker, une belle adolescente, est seule dans la maison familiale. Elle s'appr�te � regarder un film d'horreur, mais le t�l�phone sonne.;affiches/scream.jpg;backgrounds/bgscream.jpg;photos_acteurs/Neve_Campbell.jpg;photos_acteurs/CourteneyCox.jpg;photos_acteurs/David_Arquette.jpg;scene_film/walle.jpg
63;Sinister;2012;USA;Horreur;Scott Derrickson;Ethan Hawke;James Ransone;Juliet Rylance;Auteur de romans policiers, Ellison Oswalt s'inspire de faits r�els pour ses histoires. En panne s�che, pour trouver l'inspiration, il d�cide de s'installer avec sa famille dans une maison dont les anciens r�sidents et propri�taires ont �t� retrouv�s pendus. Un fait divers non �lucid�. Un jour, alors qu'il fait du rangement dans le grenier, il d�couvre des bobines 8 mm. Sur celles-ci, les images de meurtres de plusieurs familles.;affiches/sinister.jpg;backgrounds/bgsinister.jpg;photos_acteurs/Ethan_Hawke.jpg;photos_acteurs/James_Ransone.jpg;photos_acteurs/Juliet_Rylance.jpg;scene_film/the-sixth-sense.jpg
64;Skyfall;2012;ETATS-UNIS,ROYAUME-UNI;Action;SAM MENDES;DANIEL CRAIG;JAVIER BARDEM;JUDI DENCH;Laiss� pour mort apr�s une mission en Turquie qui a tourn� au d�sastre, l'agent britannique James Bond, nom de code 007, r�appara�t � Londres lorsqu'il apprend par les informations d'un journal t�l�vis� qu'un attentat a �t� commis contre le M16. Cet �v�nement �branle consid�rablement l'autorit� de la directrice M.;affiches/skyfall.jpg;backgrounds/bgskyfall.jpg;photos_acteurs/Daniel-Craig.webp;photos_acteurs/Javier-Bardem.jpg;photos_acteurs/Judi-Dench.jpg;scene_film/la-belle-et-la-bete.jpg
66;Suicide Squad;2016;ETATS-UNIS;Marvel / Dc;DAVID AYER;MARGOT ROBBIE;JARED LETO;WILL SMITH;Face � une menace aussi �nigmatique qu'invincible, l'agent secret Amanda Waller r�unit une armada de crapules de la pire esp�ce. Arm�s jusqu'aux dents par le gouvernement, ces super-m�chants s'embarquent alors pour une mission-suicide. Jusqu'au moment o� ils comprennent qu'ils ont �t� sacrifi�s. Vont-ils accepter leur sort ou se rebeller ?;affiches/suicidesquad.jpg;backgrounds/bgsuicidesquad.jpg;photos_acteurs/Margot-Robbie.jpg;photos_acteurs/Jared_Leto.jpg;photos_acteurs/Will_Smith.jpg;scene_film/jumanji.jpg
67;Tais toi;2002;France;Comedie;Francis Veber;Jean Reno;Gerard Depardieu;Andr� Dussollier;Ruby n'a qu'une id�e en t�te : se venger de l'homme qui a assassin� la femme qu'il aimait. Quentin, aussi gentil que faible d'esprit, croise par hasard sa route. La gentillesse catastrophique de Quentin parviendra-t-elle � d�samorcer la violence meurtri�re de Ruby ?;affiches/taistoi.jpg;backgrounds/bgtaistoi.jpg;photos_acteurs/Jean-Reno.webp;photos_acteurs/Gerard-Depardieu.webp;photos_acteurs/Andre-Dussollier.jpg;scene_film/sos.jpg
68;Terminator 2�: Le Jugement dernier;1991;USA;Science-Fiction;James Cameron;Arnold Schwarzenegger;Linda Hamilton;Edward Furlong;"En 1997, les survivants de l'apocalypse nucl�aire poursuivent une guerre sans merci contre les robots et machines qu'ils ont eux-m�me cr��s. Pour en finir avec John Connor qui dirige la r�sistance des hommes, deux ""cyborgs"" sont envoy�s dans le pass�. Leur mission : abattre Connor enfant. Le premier mod�le de la s�rie ""Terminator"" a �chou� en 1984. Le second, mod�le plus performant en liquide m�tamorphosable, se lance � la poursuite de l'enfant et de sa m�re, Sarah, dans les ann�es quatre-vingt-dix. De leur c�t�, les hommes du futur ont envoy� dans le pass� un Terminator charg� de prot�ger le jeune Connor. Le duel des robots va prendre alors des allures titanesques. Et, tandis que l'enfant enseignera � ce Terminator des rudiments d'humanit�, sa m�re tentera par tous les moyens d'emp�cher la cr�ation des premi�res machines intelligentes. Avec l'aide du Terminator qu'ils ont �duqu�, ils combattront pour influencer le futur...";affiches/terminator2.jpg;backgrounds/bgterminator2.jpg;photos_acteurs/Arnold-Schwarzenegger.jpg;photos_acteurs/Linda_Hamilton.jpg;photos_acteurs/Edward_Furlong.JPG;scene_film/harry.jpg
69;The Artist;2011;France;Dramatique;Michel Hazanavicius;Jean Dujardin;B�r�nice B�jo;James Cromwell;En 1929, l'acteur George Valentin est ador� par tous ses admirateurs, travaillant sur son dernier film, George tombe amoureux de la jeune Peppy Miller;affiches/theartist.jpg;backgrounds/bgtheartist.jpg;photos_acteurs/Jean-Dujardin.jpg;photos_acteurs/Berenice-Bejo.jpg;photos_acteurs/James-Cromwell.jpg;scene_film/oz.jpg
70;The Dark Knight;2008;ETATS-UNIS,ROYAUME-UNI;Marvel / Dc;CHRISTOPHER NOLAN;CHRISTIAN BALE;HEATH LEDGER;GARY OLDMAN;Batman est plus que jamais d�termin� � �radiquer le crime organis� qui s�me la terreur en ville. Epaul� par le lieutenant Jim Gordon et par le procureur de Gotham City, Harvey Dent, Batman voit son champ d'action s'�largir. La collaboration des trois hommes s'av�re tr�s efficace et ne tarde pas � porter ses fruits jusqu'� ce qu'un criminel redoutable vienne plonger la ville de Gotham City dans le chaos.;affiches/thedarkknight.jpg;backgrounds/bgthedarkknight.jpg;photos_acteurs/Christian_Bale.jpg;photos_acteurs/Heath_Ledger.jpg;photos_acteurs/Gary_Oldman.jpg;scene_film/joursansfin.jpg
71;The Mask;1994;USA;Comedie;Chuck Russel;Jim Carrey;Cameron Diaz;Peter Greene;Stanley Ipkiss, modeste employ� de banque, passionn� par l'univers de Tex Avery, trouve un masque ancien aux pouvoirs surnaturels. Il est n�anmoins partag� entre devenir cette cr�ature verte s�re d'elle ou rester le timide Stanley Ipkiss, incapable d'aborder la magnifique chanteuse de cabaret Tina Carlyle.;affiches/themask.jpg;backgrounds/bgthemask.jpg;photos_acteurs/Jim-Carrey.jpg;photos_acteurs/Cameron-Diaz.jpg;photos_acteurs/Peter-Greene.jpg;scene_film/bonnecolector.jpg
72;The Northman;2022;ETATS-UNIS,ROYAUME-UNI;Guerre / Histoire;ROBERT EGGERS;ALEXANDER SKARSGARD;ANYA TAYLOR-JOY;NICOLE KIDMAN;Le prince Amleth est sur le point de devenir un homme lorsque son p�re est brutalement assassin� par son oncle, qui kidnappe la m�re du gar�on. Deux d�cennies plus tard, Amleth est maintenant un Viking qui attaque les villages slaves. Il rencontre une voyante qui lui rappelle son voeu : sauver sa m�re, tuer son oncle, venger son p�re.;affiches/thenorthman.jpg;backgrounds/bgthenorthman.jpg;photos_acteurs/Alexander-Skarsgard.jpg;photos_acteurs/Anya-Taylor-joy.jpg;photos_acteurs/Nicole-Kidman.jpg;scene_film/leon.jpg
73;The Truman Show;1998;USA;Dramatique;Peter Weir;Jim Carrey;Laura Linney;Ed Harris;Truman Burbank m�ne une vie calme et heureuse. Il habite dans un petit pavillon propret de la radieuse station baln�aire de Seahaven.;affiches/trumanshow.jpg;backgrounds/bgthetrumanshow.jpg;photos_acteurs/Jim-Carrey.jpg;photos_acteurs/Laura-Linney.jpg;photos_acteurs/Ed-Harris.jpg;scene_film/seven-spacey.jpg
74;Titanic;1997;USA;Dramatique;James Cameron;Leonardo Di Caprio;Kate Winslett;Billy Zane;En 1997, l'�pave du Titanic est l'objet d'une exploration fi�vreuse, men�e par des chercheurs de tr�sor en qu�te d'un diamant bleu qui se trouvait � bord. Frapp�e par un reportage t�l�vis�, l'une des rescap�es du naufrage, �g�e de 102 ans, Rose DeWitt, se rend sur place et �voque ses souvenirs. 1912.;affiches/titanic.jpg;backgrounds/bgtitanic.jpg;photos_acteurs/Leonardo-Di-Caprio.jpg;photos_acteurs/Kate-Winslet.jpg;photos_acteurs/Billy-Zane.jpg;scene_film/usualsuspects.jpg
75;Top Gun;1986;ETATS-UNIS;Action;TONY SCOTT;TOM CRUISE;VAL KILMER;KELLY MCGILLIS;Pete Maverick Mitchell, un jeune prodige du pilotage peu appr�ci� par sa hi�rarchie, rejoint la tr�s r�put�e �cole de l'a�ronavale am�ricaine, Top Gun, pour perfectionner ses techniques de combat a�rien. Tous les �tudiants concourent pour le titre de meilleur pilote.;affiches/topgun.jpg;backgrounds/bgtopgun.jpg;photos_acteurs/Tom-Cruise.jpg;photos_acteurs/Val-Kilmer.jpg;photos_acteurs/Kelly-Mcgillis.jpg;scene_film/snatch.jpg
76;Troie;2004;ETATS-UNIS;Guerre / Histoire;WOLFGANG PETERSEN;BRAD PITT;ERIC BANA;ORLANDO BLOOM;Dans la Gr�ce antique, l'enl�vement d'H�l�ne, reine de Sparte, par Paris, prince de Troie, est une insulte que le roi M�n�las ne peut supporter. L'honneur familial �tant en jeu, Agamemnon, fr�re de M�n�las et puissant roi de Myc�nes, r�unit toutes les arm�es grecques afin de faire sortir H�l�ne de Troie. L'issue de la guerre de Troie d�pendra notamment d'un homme, Achille. Arrogant, rebelle, et r�put� invicible, celui-ci n'a d'attache pour rien ni personne si ce n'est sa propre gloire.;affiches/troie.jpg;backgrounds/bgtroie.jpg;photos_acteurs/Brad_Pitt.jpg;photos_acteurs/Eric-Bana.jpg;photos_acteurs/Orlando-Bloom.jpg;scene_film/les-incorruptibles.jpg
77;Wall-E;2008;USA;Anime;Andrew Stanton;Ben Burtt;Elissa Knight;Jeff Garlin;"Faites la connaissance de WALL�E (prononcez ""Walli"") : WALL�E est le dernier �tre sur Terre et s'av�re �tre un... petit robot ! 700 ans plus t�t, l'humanit� a d�sert� notre plan�te laissant � cette incroyable petite machine le soin de nettoyer la Terre. Mais au bout de ces longues ann�es, WALL�E a d�velopp� un petit d�faut technique : une forte personnalit�. Extr�mement curieux, tr�s indiscret, il est surtout un peu trop seul... Cependant, sa vie s'appr�te � �tre boulevers�e avec l'arriv�e d'une petite ""robote"", bien car�n�e et pr�nomm�e EVE. Tombant instantan�ment et �perdument amoureux d'elle, WALL�E va tout mettre en oeuvre pour la s�duire. Et lorsqu'EVE est rappel�e dans l'espace pour y terminer sa mission, WALL�E n'h�site pas un seul instant : il se lance � sa poursuite... Hors de question pour lui de laisser passer le seul amour de sa vie... Pour �tre � ses c�t�s, il est pr�t � aller au bout de l'univers et vivre la plus fantastique des aventures !";affiches/walle.jpg;backgrounds/bgwalle.jpg;photos_acteurs/Ben-Burtt.jpg;photos_acteurs/Elissa-Knight.jpg;photos_acteurs/Jeff-Garlin.webp;scene_film/heat.jpg
78;Will Hunting;1997;USA;Dramatique;Gus Van Sant;Matt Damon;Ben Affleck;Robin Williams;Will Hunting est un authentique g�nie mais �galement un rebelle aux �lans impr�visibles. Il est n� dans le quartier populaire de South Boston et a arr�t� tr�s t�t ses �tudes, refusant le brillant avenir que pouvait lui procurer son intelligence. Il vit d�sormais entour� d'une bande de copains et passe son temps dans les bars a chercher la bagarre. C'est alors que ses dons prodigieux en math�matiques attirent l'attention du professeur Lambeau, du Massachusetts Institute of Technology.;affiches/Willhunting.jpg;backgrounds/bgwillhunting.jpg;photos_acteurs/Matt_Damon.jpg;photos_acteurs/Ben_Affleck.jpg;photos_acteurs/Robin-Williams.jpg;scene_film/5element.jpg
79;Sixieme Sens;2000;Etats-Unis;Fantastique;M,Night Shyamalan;Bruce Willis;Harley Joel Osment;Toni Collette;Cole Sear, garconnet de huit ans est hant� par un terrible secret. Son imaginaire est visit� par des esprits mena�ants. Trop jeune pour comprendre le pourquoi de ces apparitions et traumatis� par ces pouvoirs paranormaux, Cole s'enferme dans une peur maladive et ne veut reveler � personne la cause de son enfermement, � l'exception d'un psychologue pour enfants. La recherche d'une explication rationnelle guidera l'enfant et le th�rapeute vers une v�rit� foudroyante et inexplicable;affiches/sixiemesens.jpg;backgrounds/bgsixiemesens.jpg;photos_acteurs/Bruce-Willis.webp;photos_acteurs/Harley-Joel-Osment.jpg;photos_acteurs/Toni-Collette.webp;scene_film/ligneverte.jpg
80;La Ligne Verte;2000;Etats-Unis;Fantastique;Frank Darabont;Tom Hanks;Michael Clarke Duncan;David Morse;Paul Edgecomb, pensionnaire centenaire d'une maison de retraite, est hant� par ses souvenirs. Gardien-chef du p�nitencier de Cold Mountain en 1935, il �tait charg� de veiller au bon d�roulement des ex�cutions capitales en s�effor�ant d'adoucir les derniers moments des condamn�s. Parmi eux se trouvait un colosse du nom de John Coffey, accus� du viol et du meurtre de deux fillettes. Intrigu� par cet homme candide et timide aux dons magiques, Edgecomb va tisser avec lui des liens tr�s forts.;affiches/laligneverte.jpg;backgrounds/bgligneverte.jpg;photos_acteurs/Tom-Hanks.jpg;photos_acteurs/MClarkeDuncan.jpg;photos_acteurs/David-Morse.jpg;scene_film/poulain.jpg
81;La Belle Et La B�te;2017;Etas-Unis;Fantastique;Bill Condon;Emma Watson;Dan Stevens;Luke Evans;Fin du XVIII� si�cle, dans un petit village fran�ais. Belle, jeune fille r�veuse et passionn�e de litt�rature, vit avec son p�re, un vieil inventeur farfelu. S'�tant perdu une nuit dans la f�ret, ce dernier se r�fugie au ch�teau de la B�te, qui le jette au cachot. Ne pouvant supporter de voir son p�re emprisonn�, Belle accepte alors de prendre sa place, ignorant que sous le masque du monstre se cache un Prince Charmant tremblant d'amour pour elle, mais victime d'une terrible mal�diction.;affiches/labelleetlabete.jpg;backgrounds/bgbelleetlabete.jpg;photos_acteurs/Emma_Watson.jpg;photos_acteurs/Dan-Stevens.jpg;photos_acteurs/Luke-Evans.jpg;scene_film/
82;Le Seigneur Des Anneaux: La Communaut� De L�anneau;2001;Etats-Unis, Nouvelle Zelande;Fantastique;Peter Jackson;Elijah Wood;Sean Astin;Lan McKellen;"Dans ce chapitre de la trilogie, le jeune et timide Hobbit, Frodon Sacquet, h�rite d'un anneau. Bien loin d'�tre une simple babiole, il s'agit de l'Anneau Unique, un instrument de pouvoir absolu qui permettrait � Sauron, le Seigneur des t�n�bres, de r�gner sur la Terre du Milieu et de r�duire en esclavage ses peuples. � moins que Frodon, aid� d'une Compagnie constitu�e de Hobbits, d'Hommes, d'un Magicien, d'un Nain, et d'un Elfe, ne parvienne � emporter l'Anneau � travers la Terre du Milieu jusqu'� la Crevasse du Destin, lieu o� il a �t� forg�, et � le d�truire pour toujours. Un tel p�riple signifie s'aventurer tr�s loin en Mordor, les terres du Seigneur des t�n�bres, o� est rassembl�e son arm�e d'Orques mal�fiques... La Compagnie doit non seulement combattre les forces ext�rieures du mal mais aussi les dissensions internes et l'influence corruptrice qu'exerce l'Anneau lui-m�me.
L'issue de l'histoire � venir est intimement li�e au sort de la Compagnie.";affiches/lordoftherings.jpg;backgrounds/bglordoftherings.jpg;photos_acteurs/Elijah-Wood.jpg;photos_acteurs/Sean-Astin.jpg;photos_acteurs/Lan-McKellen.jpg;scene_film/pretty-woman.jpg
83;Gremlins;1984;Etats-unis;Fantastique;Joe Dante;Zach Galligan;Phoebe Cates;Hoyt Axton;Rand Peltzer offre � son fils Billy un �trange animal : un mogwai. Son ancien propri�taire l'a bien mis en garde : il ne faut pas l'exposer � la lumiere, lui �viter tout contact avec l'eau, et surtout, surtout ne jamais le nourrir apres minuit... Sinon�;affiches/gremlins.jpg;backgrounds/bggremlins.jpg;photos_acteurs/Zach_Galligan.jpg;photos_acteurs/Phoebe_Cates.jpg;photos_acteurs/Hoyt_Axton.jpg;scene_film/soldat_ryan.jpg
84;Jumanji;1995;Etats-unis;Fantastique;Joe Johnston;Robin Willians;Kirsten Dunst;Bradley Pierce;Lors d'une partie de Jumanji, un jeu tr�s ancien, le jeune Alan est propuls� sous les yeux de son amie d'enfance, Sarah, dans un �trange pays. Il ne pourra s'en �chapper que lorsqu'un autre joueur reprendra la partie et le lib�rera sur un coup de d�s. Vingt-six ans plus tard, il retrouve le monde r�el par le coup de d�s de deux autres jeunes joueurs;affiches/jumanji.jpg;backgrounds/bgjumanji.jpg;photos_acteurs/Robin-Williams.jpg;photos_acteurs/kirsten-dunst.jpg;photos_acteurs/bradley-pierce.jpg;scene_film/la-nuit-des-mots-vivants.jpg
85;Sos Fant�mes;1984;Etats-unis;Fantastique;Ivan Reitman;Bill Murray;Dan Aykroyd;Harold Ramis;Peter, Raymond et Egon effectuent des recherches sur la parapsychologie. Vir�s par le Doyen de la facult�, ils d�cident de fonder une soci�t� destin�e � chasser les revenants. Son nom : S.O.S. Fant�mes. Le succ�s frappe tant et si bien � leur porte qu'ils en sont bient�t � travailler � la cha�ne.;affiches/sosfantomes.jpg;backgrounds/bgsosfantomes.jpg;photos_acteurs/Bill-murray.jpg;photos_acteurs/Dan-Aykroyd.jpg;photos_acteurs/Harold-Ramis.jpg;scene_film/gremlins.jpg
86;Harry Potter:  � L��cole Des Sorcier;2001;Royaume-unis, Etats-unis;Fantastique;Chris Columbus;Daniel Radcliffe;Rupert Grint;Emma Watson;"Orphelin, Harry Potter a �t� recueilli � contrec�ur par son oncle Vernon et sa tante P�tunia, aussi cruels que mesquins, qui n'h�sitent pas � le faire dormir dans le placard sous l'escalier. Constamment maltrait�, il doit en outre supporter les j�r�miades de son cousin Dudley, gar�on cupide et archi-g�t� par ses parents. De leur c�t�, Vernon et P�tunia d�testent leur neveu dont la pr�sence leur rappelle sans cesse le temp�rament ""impr�visible"" des parents du gar�on et leur mort myst�rieuse.
� l'approche de ses 11 ans, Harry ne s'attend � rien de particulier � ni carte, ni cadeau, ni m�me un go�ter d'anniversaire. Et pourtant, c'est � cette occasion qu'il d�couvre qu'il est le fils de deux puissants magiciens et qu'il poss�de lui aussi d'extraordinaires pouvoirs. Quand on lui propose d'int�grer Poudlard, la prestigieuse �cole de sorcellerie, il trouve enfin le foyer et la famille qui lui ont toujours manqu� et s'engage dans l'aventure de sa vie.";affiches/harrypotter.jpg;backgrounds/bgharrypotter.jpg;photos_acteurs/DanielRadcliffe.jpg;photos_acteurs/RupertGrint.jpg;photos_acteurs/Emma_Watson.jpg;scene_film/independence-day.jpg
87;Le Magicien D�Oz;1946;Etats-unis;Fantastique;Victor Fleming, King Vidor, Geoge Cukor;Judy Garland;Frank Morgan;Ray Bolder;Dorothy, jeune orpheline, vit chez son oncle et sa tante. Tout irait pour le mieux si l'institutrice ne d�testait pas son chien. C'est alors que Dorothy fait un r�ve o� elle se trouve transport�e au royaume magique des Munchkins � la recherche de son chien. Les Munchkins sont des nains prot�g�s par la bonne f�e du Nord mais menac�s par la m�chante f�e de l'Ouest. Pour retrouver son chien, Dorothy doit s'emparer des chaussures rouges de la mauvaise f�e et aller voir le magicien d'Oz dans son palais d'Emeraude.;affiches/lemagiciendoz.jpg;backgrounds/bglemagiciendoz.jpg;photos_acteurs/Judy-Garland.jpg;photos_acteurs/Frank-Morgan.jpg;photos_acteurs/Ray-Bolder.jpg;scene_film/cleopatre.jpg
88;Un Jour Sans Fin;1993;Etats-unis;Fantastique;Harold Ramis;Bill Murray;Andie MacDowell;Stephen Tobolowsky;"Phil Connors, journaliste � la t�l�vision et responsable de la m�t�o part faire son reportage annuel dans la bourgade de Punxsutawney o� l'on f�te le ""Groundhog Day"" : ""Jour de la marmotte"". Dans l'impossibilit� de rentrer chez lui ensuite � Pittsburgh pour cause d'intemp�ries il se voit forc� de passer une nuit de plus dans cette ville perdue. R�veill� tr�s t�t le lendemain il constate que tout se produit exactement comme la veille et r�alise qu'il est condamn� � revivre ind�finiment la m�me journ�e, celle du 2 f�vrier...";affiches/unjoursansfin.jpg;backgrounds/bgunjoursansfin.jpg;photos_acteurs/Bill-Murray.jpg;photos_acteurs/Andie-Macdowell.jpg;photos_acteurs/Stephen-Tobolowsky.jpg;scene_film/training-day.jpg
89;Bone Collector;2000;Etats-unis;Thriller;Philip Noyce;Angelina Jolie;Denzel Washington;Queen Latifah;Lyncoln Rhyme, ex-brillant criminologue paralys� � vie suite � un accident, se retrouve mel�, bien malgr� lui, � une nouvelle affaire de meurtres. Aid� dans sa t�che par Amelia Donaghy, une jeune recrue qui devient pour les besoins de l'enqu�te ses yeux et ses jambes, il doit � tout prix examiner chaque indice laiss� par l'assassin pour pouvoir pr�dire o� et quand se produiront les prochains crimes�;affiches/bonecollector.jpg;backgrounds/bgbonecollector.jpg;photos_acteurs/Angelina_Jolie.jpg;photos_acteurs/Denzel_Washington.jpg;photos_acteurs/QueenLatifah.jpg;scene_film/Braveheart.jpg
90;Leon;1994;Fran�ais;Thriller;Luc Besson;Jean Reno;Gary Oldman;Natalie Portman;"Un tueur � gages r�pondant au nom de L�on prend sous son aile Mathilda, une petite fille de douze ans, seule rescap�e du massacre de sa famille. Bient�t, L�on va faire de Mathilda une ""nettoyeuse"", comme lui. Et Mathilda pourra venger son petit fr�re�";affiches/leon.jpg;backgrounds/bgleon.jpg;photos_acteurs/Jean-Reno.webp;photos_acteurs/Gary_Oldman.jpg;photos_acteurs/Natalie_Portman.jpg;scene_film/rvlf_1.jpg
91;Seven;1996;Etats-unis;Thriller;David Fincher;Brad Pitt;Morgan Freeman;Gwyneth Paltrow;Pour conclure sa carri�re, l'inspecteur Somerset, vieux flic blas�, tombe � sept jours de la retraite sur un criminel peu ordinaire. John Doe, c'est ainsi que se fait appeler l'assassin, a decid� de nettoyer la societ� des maux qui la rongent en commettant sept meurtres bas�s sur les sept pech�s capitaux: la gourmandise, l'avarice, la paresse, l'orgueil, la luxure, l'envie et la col�re.;affiches/seven.jpg;backgrounds/bgseven.jpg;photos_acteurs/Brad_Pitt.jpg;photos_acteurs/Morgan_Freeman.jpg;photos_acteurs/Gwyneth_Paltrow.jpg;scene_film/will-hunting.jpg
92;Usual Suspects;2001;Etats-unis;Thriller;Bryan Singer;Chazz palminteri; Kevin Spacey;Gabriel Byrne;Suite � une myst�rieuse d�nonciation, cinq criminels se retrouvent en garde � vue. Plus tard, engag�s sur un coup par le g�nie du crime Keyser S�ze, les cinq hommes sont pris au pi�ge d�une diabolique machination�;affiches/usualsuspects.jpg;backgrounds/bgusualsuspects.jpg;photos_acteurs/Chazz_Palminteri.JPG;photos_acteurs/Kevin-Spacey.webp;photos_acteurs/Gabriel_Byrne.jpg;scene_film/loup.jpg
93;Snatch;2000;Angletere;Thriller;Guy Ritchie;Jason Statham;Brad Pitt;Vinnie Jones;Franky vient de voler un �norme diamant qu'il doit livrer � Avi, un mafieux new-yorkais. En chemin, il fait escale � Londres o� il se laisse convaincre par Boris de parier sur un combat de boxe clandestin. Il ignore, bien s�r, qu'il s'agit d'un coup mont� avec Vinny et Sol, afin de le d�lester de son magnifique caillou. Turkish et Tommy, eux, ont un probl�me avec leur boxeur, un gitan compl�tement f�l� qui refuse de se coucher au quatri�me�round�comme pr�vu. C'est au tour d'Avi de d�barquer, bien d�cid� � r�cup�rer son bien, avec l'aide de Tony, une l�gende de la g�chette.;affiches/snatch.jpg;backgrounds/bgsnatch.jpg;photos_acteurs/Jason-Statham.jpg;photos_acteurs/Brad_Pitt.jpg;photos_acteurs/Vinnie_Jones.jpg;scene_film/seigneur.jpg
94;Les Infiltr�s;2006;Etats-unis;Thriller;Martin Scorsese;Ray Winstone;Leonardo DiCaprio;Matt Damon;"A Boston, une lutte sans merci oppose la police � la p�gre irlandaise.
Pour mettre fin au r�gne du parrain Frank Costello, la police infiltre son gang avec ""un bleu"" issu des bas quartiers, Billy Costigan.
Tandis que Billy s'efforce de gagner la confiance du malfrat vieillissant, Colin Sullivan entre dans la police au sein de l'Unit� des Enqu�tes Sp�ciales, charg�e d'�liminer Costello. Mais Colin fonctionne en ""sous-marin"" et informe Costello des op�rations qui se trament contre lui.
Risquant � tout moment d'�tre d�masqu�s, Billy et Colin sont contraints de mener une double vie qui leur fait perdre leurs rep�res et leur identit�.
Traquenards et contre-offensives s'encha�nent jusqu'au jour o� chaque camp r�alise qu'il h�berge une taupe. Une course contre la montre s'engage entre les deux hommes avec un seul objectif : d�couvrir l'identit� de l'autre sous peine d'y laisser sa peau�";affiches/lesinfiltres.jpg;backgrounds/bglesinfiltres.jpg;photos_acteurs/Jack_Nicholson.jpg;photos_acteurs/Leonardo-Di-Caprio.jpg;photos_acteurs/Matt_Damon.jpg;scene_film/suicide.jpeg
95;Les Incorruptibles;1987;Etats-unis;Thriller;Brian De Palma;Kevin Costner;Sean Connery;Charles Martin Smith;"A Chicago durant les ann�es trente, lors de la prohibition, Al Capone r�gne en ma�tre absolu sur le r�seau de vente ill�gale d'alcool. D�cid� � mettre un terme au trafic et � confondre Al Capone, l'agent Eliot Ness recrute trois hommes de confiance, aussi intraitables que lui. Ensemble, les quatre ""incorruptibles"" partent en guerre contre le gang de Capone�";affiches/lesincorruptibles.jpg;backgrounds/bglesincorruptibles.jpg;photos_acteurs/Kevin_Costner.jpg;photos_acteurs/Sean_Connery.jpg;photos_acteurs/CharlesMartinSmith.jpg;scene_film/skyfall.jpg
96;Training Day;2001;Etats-unis;Thriller;Antoine Fuqua;Denzel Washington;Ethan Hawke;Tom Berenger;Jake Hoyt est une nouvelle recrue de la police de Los Angeles. D�cid� � devenir inspecteur, il sollicite une mise � l'essai de 24 heures aupr�s du sergent-chef Alonzo Harris, un v�t�ran de la lutte antidrogue qui op�re depuis douze ans dans les quartiers les plus chauds de la ville.;affiches/trainingday.jpg;backgrounds/bgtrainingday.jpg;photos_acteurs/Denzel_Washington.jpg;photos_acteurs/Ethan_Hawke.jpg;photos_acteurs/Tom_Berenger.jpg;scene_film/lesinfiltres.jpg
97;L�Empire Des Loups;2005;France;Thriller;Chris Nahon;Jean Reno;Jocelyn Quivrin;Arly Jover;".Anna Heymes, la trentaine, est l'�pouse d'un des plus hauts fonctionnaires du Minist�re de l'Int�rieur. Depuis plus d'un mois, elle souffre d'hallucinations terrifiantes et de r�guli�res crises d'amn�sie, au point de ne plus reconna�tre le visage de son propre mari et m�me de commencer � douter de l'honn�tet� de ce dernier.
Pendant ce temps, dans le Xe arrondissement, Paul Nerteaux, un capitaine de police acharn�, se voit confier une enqu�te concernant la mort de trois femmes d'origine turque qui travaillaient dans des ateliers clandestins et dont les corps ont �t� retrouv�s atrocement mutil�s. Pour l'aider � infiltrer la population turque du quartier, Nerteaux n'a d'autre solution que de faire appel � Jean-Louis Schiffer, un de ses anciens coll�gues connu pour sa r�putation de flic implacable.";affiches/lempiredesloups.jpg;backgrounds/bglempiredesloups.jpg;photos_acteurs/Jean-Reno.webp;photos_acteurs/Jocelyn-Quivrin.jpg;photos_acteurs/Arly_Jover.jpg;scene_film/actionhero.jpg
98;Heat;1995;Etats-unis;Thriller;Michael Mann;Al Pacino;Robert De Niro;Val Kilmer;Neil McCauley est un braqueur qui a de l'exp�rience. Il veille, au cours de ses vols, � ne pas commettre d'impairs. Ses complices n'ont pas autant de scrupules ni de �conscience professionnelle�. Lors d'une op�ration pourtant bien planifi�e, l'un d'entre eux tire sur deux vigiles. Ce double meurtre int�resse au plus au point le lieutenant Hanna, qui ne met gu�re de temps � identifier McCauley comme �tant le cerveau de la bande. Les deux hommes apprennent � se conna�tre par dossier et surveillance interpos�e. A tel point qu'il finissent par se rencontrer. Chacun jure alors de mettre l'autre en �chec. Un duel s'engage, � la limite de la l�galit�. Robert De Niro et Al Pacino, deux monstres du cin�ma, se livrent � un num�ro d'anthologie.;affiches/heat.jpg;backgrounds/bgheat.jpg;photos_acteurs/Al-Pacino.jpg;photos_acteurs/Robert-De-Niro.jpg;photos_acteurs/Val-Kilmer.jpg;scene_film/interstellar.jpg
99;Le Cinquieme Element;1997;France;Science-Fiction;Luc Besson;Bruce Willis;Mila Jovovich;Chris Tucker;Egypte, 1914. Des extraterrestres r�cup�rent quatre pierres magiques, symboles des quatre �l�ments, jadis confi�es � des pr�tres. Avant de partir, les extraterrestres promettent que dans 300 ans, ils rapporteront les pr�cieux cailloux. Au XXIIIe si�cle, alors qu'ils font route vers la Terre, ils sont an�antis par la plan�te du Mal. Les habitants de ce monde mal�fique, les Mangalores, s'emparent des pierres et foncent vers la Terre.;affiches/le5element.jpg;backgrounds/bgcinquiemeelement.jpg;photos_acteurs/Bruce-Willis.webp;photos_acteurs/Milla_Jovovich.jpg;photos_acteurs/Chris_Tucker.jpg;scene_film/perenoel.jpg
